 name,food group
 acacia gum,null
 ACESULFAME POTASSIUM,null
 ACETIC ACID,null
 Acetylated Distarch Adipate,null
 Acetylated Distarch Glycerol,null
 Acetylated Distarch Oxypropanol,null
 Acetylated Distarch Phosphate,null
 Acid hydrolyzed proteins,null
 Acid Modified Starch,null
 Aconitic Acid,null
 Adipic Acid,null
 Agar-agar,algae
 almond butter,nuts
 almond flour,nuts
 almonds,nuts
 alpha-Tocopherol acetate,null
 Aluminum ammonium sulfate,null
 Aluminum calcium silicate,null
 Aluminum hydroxide,null
 Aluminum oleate,null
 Aluminum oleate (packaging),null
 Aluminum palmitate (packaging),null
 Aluminum sodium sulfate,null
 Aluminum sulfate,null
 Ammoniated Glycyrrhizin,null
 Ammonium alginate,null
 Ammonium bicarbonate,null
 Ammonium carbonate,null
 AMMONIUM CHLORIDE,null
 Ammonium citrate,null
 Ammonium hydroxide,null
 Ammonium phosphate dibasic (Report 32),null
 Ammonium phosphate dibasic (Report 34),null
 Ammonium phosphate monobasic (Report 32),null
 Ammonium phosphate monobasic (Report 34),null
 Ammonium sulfate,null
 ANNATTO,null
 ANNATTO COLOR,null
 ANNATTO EXTRACT COLOR,null
 ANNATTO EXTRACT FOR COLOR,null
 APOCAROTENAL,null
 APO-CAROTENAL,null
 Apple,null
 APPLE CIDER VINEGAR,null
 apple juice concentrate,null
 APPLE PUREE CONCENTRATE,null
 Arrowroot Starch,null
 ARTIFICIAL FLAVOR,null
 Artificial Flavors,null
 ASCORBIC ACID,null
 Ascorbyl palmitate (palmitoyl L-ascorbic),null
 AUTOLYZED YEAST,null
 AUTOLYZED YEAST EXTRACT,null
 AZODICARBONAMIDE,null
 BACON,pork
 BACON (CURED WITH WATER,pork
 BACON CURED WITH: WATER,pork
 BACON IS CURED WITH: WATER,pork
 BAKING SODA,null
 BARBECUE SAUCE: MOLASSES,mustard
 BARLEY MALT,gluten
 BARLEY MALT EXTRACT,gluten
 BASIL,null
 BATTERED WITH: ENRICHED BLEACHED WHEAT FLOUR (ENRICHED WITH NIACIN,gluten
 BAY LEAF,null
 BEEF BASE,beef
 BEEF EXTRACT,beef
 BEEF FAT FLAVOR,beef
 BEEF FLAVOR [AUTOLYZED YEAST EXTRACT,beef
 BEEF STOCK,beef
 BEER,gluten
 Beeswax (yellow or white),honey
 Bentonite,null
 Benzoic Acid,null
 BHA,null
 BHT,null
 BHT for freshness,null
 BICARBONATE,null
 BIOTIN,null
 BLACK CUMIN,null
 BLACK PEPPER,null
 Bleached Starch,null
 BLUE 1,null
 BLUE 1 LAKE,null
 blue 2 lake,null
 blueberry,null
 BREAD CRUMBS (FLOUR [UNBLEACHED WHEAT FLOUR,gluten
 BREAD CRUMBS (UNENRICHED UNBLEACHED FLOUR,gluten
 BREADCRUMBS (BLEACHED WHEAT FLOUR,gluten
 BREADED WITH: BLEACHED WHEAT FLOUR,gluten
 BREADED WITH: ENRICHED BLEACHED WHEAT FLOUR (ENRICHED WITH NIACIN,gluten
 BREADED WITH: ENRICHED BLEACHED WHEAT FLOUR (NIACIN,gluten
 BREADED WITH: ENRICHED FLOUR (WHEAT FLOUR,gluten
 Breaded with: Enriched Wheat Flour (Niacin,gluten
 Breaded with: Enriched Wheat Flour (Wheat Flour,gluten
 Breading set in Soybean Oil,soy
 Brown algae,algae
 brown rice syrup,null
 BROWN SUGAR,null
 BUN INGREDIENTS: ENRICHED UNBLEACHED WHEAT FLOUR (WHEAT FLOUR,gluten
 BUTTER,milk
 BUTTER (CREAM,milk
 Butter (pasteurized sweet cream,milk
 buttermilk,milk
 Buttermilk Blend (Buttermilk,milk
 BUTTERMILK POWDER (SWEET CREAM,milk
 Butylated Hydroxyanisole (BHA),null
 Butylated Hydroxytoluene (BHT),null
 CAFFEINE,null
 Calcium acetate,null
 Calcium alginate,algae
 CALCIUM CARBONATE,null
 Calcium caseinate,milk
 Calcium Chloride,null
 Calcium citrate,null
 CALCIUM DISODIUM EDTA [PROTECTS FLAVOR],null
 Calcium gluconate,null
 Calcium glycerophosphate,null
 Calcium glycerophosphate (packaging),null
 Calcium hexametaphosphate,null
 Calcium hydroxide,null
 Calcium hypophosphite,null
 Calcium iodate,null
 Calcium Lactate,null
 Calcium L-ascorbate,null
 Calcium oxide,null
 CALCIUM PANTOTHENATE,null
 CALCIUM PHOSPHATE,null
 Calcium phosphate dibasic,null
 Calcium phosphate monobasic,null
 Calcium phosphate tribasic,null
 Calcium phytate,null
 CALCIUM PROPIONATE,null
 Calcium pyrophosphate,null
 Calcium silicate,null
 CALCIUM SODIUM EDTA [PROTECTS FLAVOR] NATURAL FLAVOR,null
 Calcium sorbate,null
 Calcium stearate,veganCheck
 CALCIUM SULFATE,null
 CANE SUGAR,null
 CANOLA,null
 CANOLA OIL,null
 Caprylic Acid,veganCheck
 CARAMEL,corn
 CARAMEL COLOR,corn
 CARAMEL POWDER,corn
 Carbon dioxide,sulphite
 Carbonyl Iron,null
 Carbonyl Iron (packaging),null
 Carboxymethyl cellulose (packaging),null
 Carnauba wax,null
 Carob Bean Gum,null
 Carotene (beta-carotene),null
 CARRAGEENAN,algae
 Casein,milk
 cashew butter,nuts
 CASHEWS,nuts
 CELERY POWDER,celery
 Cellulose,null
 Cellulose acetate(packaging),null
 CELLULOSE GUM,null
 CELLULOSE POWDER,null
 Chardonnay Wine,null
 CHEDDAR CHEESE (CULTURED MILK,milk
 CHEDDAR CHEESE (MILK,milk
 CHEDDAR CHEESE (PASTEURIZED MILK,milk
 CHEESE BLEND (MOZZARELLA (PASTEURIZED MILK,milk
 CHEESE CULTURE,milk
 CHEESE CULTURES,milk
 CHEESE CUTLURE,milk
 CHEESE MADE WITH SKIM MILK (SKIM MILK,milk
 Cheese Powder ,milk
 cherry puree concentrate,null
 CHICKEN BASE [ROASTED CHICKEN,chicken
 CHICKEN BREAST FLAVOR,chicken
 Chicken Breast Strips (Chicken Breast Meat with Rib Meat,chicken
 CHICKEN FAT,chicken
 Chicken Meat,chicken
 Chicken Protein,chicken
 CHILI PEPPER,null
 CHOCOLATE,milk
 CHOCOLATE EXTRACT,milk
 chocolate liquor,null
 Cholic acid,beef
 Choline Bitartrate,veganCheck
 Choline Chloride,veganCheck
 CHROMIUM CHLORIDE,null
 Chymosin Preparation,null
 CIDER VINEGAR,null
 cinnamon,null
 cinnamon topping (sugar,null
 CITRIC ACID,null
 Citric Acid Preservative,null
 citrus pectin,null
 Clay (kaolin) (packaging),null
 Clove Bud Extract,null
 Clove Bud Oil,null
 Clove Bud Oleoresin,null
 Clove Leaf Oil,null
 Clove Stem Oil,null
 cocoa,null
 Cocoa (Processed with Alkali),null
 COCOA BUTTER,null
 COCOA PROCESSED WITH ALKALI,null
 coconut,null
 Coconut Oil,null
 Coconut oil (packaging),null
 COFFEE EXTRACT,null
 cold pressed coconut oil,null
 COLLAGEN CASING,beef
 Color Added (Including Yellow 5 and Yellow 6),null
 CONTAINS UP TO 10% WATER,null
 Copper (cupric) gluconate,null
 Copper (cupric) sulfate,null
 Copper Gluconate,null
 CORN BRAN PRODUCT,corn
 Corn dextrins (packaging),corn
 CORN OIL,corn
 CORN PROTEIN,corn
 Corn silk,corn
 CORN STARCH,corn
 CORN STARCH CONCENTRATE,corn
 Corn Sugar (Dextrose),corn
 CORN SYRUP,corn
 CORN SYRUP SOLIDS,corn
 CORNSTARCH,corn
 COTTONSEED,null
 Crackermeal [Bleached Wheat Flour,gluten
 CREAM,milk
 CRUSHED RED PEPPERS,null
 Crust:  Enriched Wheat Flour (Flour,gluten
 Cuprous iodide,null
 D- or DL- Calcium pantothenate,null
 D- or DL- Sodium pantothenate,null
 D(-)-Lactic acid,null
 Dark Chicken,chicken
 dates,null
 DEGERMINATED YELLOW CORN FLOUR,corn
 DEHYDRATED BELL PEPPER,null
 DEHYDRATED GARLIC,null
 DEHYDRATED ONION,null
 Desoxycholic acid,null
 Dextran,null
 Dextrins,null
 DEXTROSE,null
 Diacetyl,null
 Diatomaceous earth (filter aid),null
 Dietary Iron,null
 Dilauryl thiodipropionate,null
 DIPOTASSIUM PHOSPHATE,null
 DISODIUM GUANYLATE,veganCheck
 DISODIUM INOSINATE,beef
 Disodium Inosinate and Disodium Guanylate,beef
 DISODIUM INOSINATE AND GUANYLATE,beef
 DISODIUM INOSINATE/DISODIUM GUANYLATE,beef
 Disodium Phosphate,null
 D-Pantothenyl alcohol,null
 DRIED BEEF STOCK,beef
 DRIED BLUEBERRIES,null
 Dried Cheese Blend (Gouda and Edam Cheeses [Cultured Milk,milk
 DRIED CRANBERRIES,null
 Dried Garlic,null
 Dried Onion,null
 DRIED ONIONS,null
 Dried Red Bell Pepper,null
 DRIED WHEY,milk
 EGG WHITES,eggs
 EGG WHTIES,eggs
 eggs,eggs
 ENRICHED BLEACHED WHEAT FLOUR (ENRICHED WITH NIACIN,gluten
 ENRICHED BLEACHED WHEAT FLOUR (WHEAT FLOUR,gluten
 ENRICHED FLOUR (WHEAT FLOUR,gluten
 Enriched Flour (wheat flour bleached,gluten
 Enriched Pasta (Semolina Wheat Flour,gluten
 Enriched Pasta [Durum Wheat Semolina,gluten
 Enriched Wheat Flour (Niacin,gluten
 Enriched Wheat Flour (Wheat Flour,gluten
 Enzymatically hydrolyzed casein,milk
 FILTERED WATER,null
Fish oil, hydrogenated (packaging),fish
 FLAVOR [MALTODEXTRIN,corn
 Flavor Blend (Maltodextrin,corn
 FLOUR,gluten
 FORTIFICATION,null
 fructose,null
 Fruit Juice from Concentrate (Water,null
 GARLIC,null
 Garlic and Oil of Garlic,null
 GARLIC POWDER,null
 GELATIN,fish
 GELLAN GUM,null
 GLYCERIN,veganCheck
 Glycerin and Glycerides,veganCheck
 Glycocholic acid,veganCheck
 Glycyrrhiza,null
 GREEN PEPPERS,null
 GRILL FLAVOR (MALTODEXTRIN,corn
 GROUND BEEF,beef
 GROUND CELERY SEED,celery
 GROUND MUSTARD,mustard
 ground vanilla beans,null
 GUAR GUM,null
 GUM ARABIC,null
 Gum Ghatti,null
 Gum guaiac,null
 Gum Tragacanth,null
 Helium gas,null
 HERBS,null
 High Amylose Cornstarch,corn
 HIGH FRUCTOSE CORN SYRUP,corn
 HONEY,honey
 Hydrochloric acid,null
 Hydrogen peroxide,null
 HYDROGENATED AND/OR PARTIALLY HYDROGENATED PALM KERNEL,null
 HYDROGENATED COCONUT OIL,null
 Hydrogenated soybean oil,soy
 Hydrogenated tallow (packaging),veganCheck
 Hydrolyzed Corn,corn
 HYDROLYZED CORN PROTEIN,corn
 HYDROLYZED SOY,soy
 HYDROLYZED SOY PROTEIN,soy
 Hydroxypropyl Distarch Glycerol,null
 Hydroxypropyl Distarch Phosphate,null
 HYROLYZED SOY PROTEIN,soy
 Indian Dill Seed,null
 Inositol,null
 invert cane syrup,null
 INVERT SUGAR,null
 Isolated Soy Protein Product [Isolated Soy Protein,soy
 KETCHUP (TOMATO CONCENTRATE,null
 KETCHUP (TOMATO CONCENTRATE MADE FORM RED RIPE TOMATOES,null
 KETCHUP (TOMATO CONCENTRATE MADE FROM RED RIPE TOMATOES,null
 KIBBLED PUMPKIN SEEDS,null
 LACTIC ACID POWDER (MODIFIED CORN STARCH,corn
 Lactose,milk
 lemon juice concentrate,null
 LEMON JUICE POWDER (CORN SYRUP SOLIDS,corn
 LEMON JUICE SOLIDS (CORN SYRUP SOLIDS,corn
 LESS THAN 2 PERCENT SOYBEAN OIL,soy
 LESS THAN 2% OF: Butter (Cream,milk
 LESS THAN 2% OF: Cheeses (Enzyme Modified Cheddar and Pasteurized Process Cheddar [Pasteurized Milk,milk
 LESS THAN 2% OF: SALT,null
 LESS THAN 2% SALT,null
 LESS THAN 2% SALT MUSTARD,mustard
 LESS THAN 2% SOYBEAN OIL,soy
 LIME JUICE CONCENTRATE,null
 LIME JUICE POWDER (CORN SYRUP SOLIDS,corn
 LIME OIL,null
 MALT EXTRACT,gluten
 malt flavor,gluten
 MALTODEXTRIN,corn
 Meatballs (Pork,pork
 Mechanically Separated Chicken,chicken
 MILK PROTEIN CONCENTRATE,milk
 MILKFAT,milk
 MODIFIED CORN STARCH,corn
 modified food starch and corn syrup solids,corn
 Modified Whey,milk
 MODIFIED WHEY COCOA (PROCESSED WITH ALKALI),milk
 MONOSODIUM GLUTAMATE,corn
 Monosodium L-glutamate,corn
 Mustard,mustard
 Mustard and Oil of Mustard (Brown and Yellow),mustard
 MUSTARD FLOUR,mustard
 MUSTARD SEED,mustard
 Natural and Artificial Flavor,null
 NATURAL FLAVORS (CONTAINS MALTODEXTRIN),corn
 NATURAL FLAVORS (INCLUDES HICKORY SMOKE FLAVOR) BEEF EXTRACT,beef
 NATURAL FLAVORS INCLUDING SMOKE (CONTAINS MALTODEXTRIN,corn
 Natural Grill Flavor (Maltodextrin,corn
 NONFAT DRIED MILK,milk
 NONFAT DRY MILK,milk
 NONFAT MILK,milk
 Nutmeg and Mace,nuts
 OIL OF GARLIC,null
 OLIVE OIL/CANOLA BLEND,null
 ONION,null
 ONION POWDER,null
 ONIONS,null
 ORGANIC BLACK PEPPER,null
 ORGANIC PARSLEY,null
 ORGANIC PASTA (ORGANIC DURUM WHEAT FLOUR),gluten
 ORGANIC RICOTTA CHEESE,milk
 ORGANIC WHOLE EGGS,eggs
 PALM,null
 PALM AND/OR COCONUT OIL,null
 PALM KERNEL AND PALM OIL,null
 palm oil,null
 PAPRIKA,null
 PAPRIKA EXTRACT COLOR,null
 PAPRIKA FOR SPICE AND COLORING,null
 PAPRIKA OLEORESIN COLOR,null
 Parmesan Cheese (Cheese [Pasteurized Milk,milk
 PARSLEY,null
 PARTIALLY HYDROGENATED COTTONSEED AND SOYBEAN OIL,soy
 PARTIALLY HYDROGENATED SOYBEAN AND COTTONSEED OIL,soy
 PARTIALLY HYDROGENATED SOYBEAN AND/OR COTTONSEED OIL,soy
 partially hydrogenated soybean oil,soy
 passion fruit juice concentrate*,null
 PASTEURIZED PROCESSED CHEDDAR CHEESE (CHEDDAR CHEESE [CULTURED MILK,milk
 PASTEURIZED SWEET CREAM,milk
 Peach,null
 peanut butter (peanuts),peanuts
 peanut butter (roasted peanuts),peanuts
 PEANUT OIL,peanuts
 Peanut oil (packaging),peanuts
 PEANUTS,peanuts
 Pear,null
 Pineapple,null
 PINEAPPLE JUICE CONCENTRATE,null
 pineapple juice concentrate,null
 PISTACHIOS,nuts
 PORK,pork
 POTATO EXTRACT,null
 POTATO FLOUR,null
 POTATOES,null
 Predusted and Battered with: Water,null
 PREPARED MUSTARD (WATER,mustard
 pumpkin seeds,null
 RAVIOLI (ORGANIC FLOUR,gluten
 Red algae,algae
 RED PEPPER,null
 RED WINE VINEGAR,null
 reduced iron,null
 Reduced iron (packaging),null
 Rennet,milk
 RESISTANT CORN STARCH,corn
 Riboflavin,veganCheck
 RIBOFLAVIN [VITAMIN B2],veganCheck
 RIBOFLAVIN AND FOLIC ACID,veganCheck
 Riboflavin-5'-phosphate,veganCheck
 RICE FLOUR,null
 RICE STARCH,null
 ROASTED ALMONDS (ALMONDS,nuts
 ROASTED ROTISSERIE GLAZE (WATER,null
 ROASTED SOYBEANS,soy
 ROLLED OATS,null
 ROMANO CHEESE (PASTEURIZED COW'S MILK,milk
 ROMANO CHEESE (PASTUERIZED COW'S MILK,milk
 ROSEMARY EXTRACT FOR FRESHNESS,null
 SAFFLOWER,null
 SAFFLOWER AND/OR SUNFLOWER OIL,null
 SALT,null
 SALT HYDROLYZED CORN PROTEIN,corn
 SAVORY GLAZE (WATER),null
 SEA SALT,null
 SEASONING (DEXTROSE),corn
 Seasoning (Maltodextrin),corn
 SEASONING (SALT),null
 SEASONING (TOMATO POWDER,null
 Seasoning [Dextrose,corn
 SEASONING [FLAVOR (FROM CORN OIL,corn
 SEASONING [SOY SAUCE SOLIDS (SOY BEANS,soy
 SEASONING [SPICES,null
 SEMI SWEET CHOCOLATE (SUGAR),null
 SEMISWEET CHOCOLATE (CHOCOLATE,null
 SEMISWEET CHOCOLATE CHIPS (DRIED CANE SYRUP),corn
 semi-sweet chocolate chunks,null
 semisweet chocolate chunks (dried cane syrup,corn
 SEMISWEET CHOCOLATE CHUNKS (SUGAR,null
 SESAME OIL,sesame
 SESAME SEEDS,sesame
 Silica aerogel,null
 SILICON DIOXIDE,sulphite
 Silicon dioxides,sulphite
 SKIM MILK,milk
 SODIUM,null
 SODIUM ACETATE,null
 SODIUM CASEINATE,milk
 Sodium Phosphate and Chicken Protein,chicken
 Sodium sulfite,Sulfite
 SOLUBLE CORN FIBER,corn
 SORBIC ACID,null
 SORBIC ACID AS A PRESERVATIVE,null
 SORBITAN MONOSTEARATE,veganCheck
 SORBITOL,corn
 Sorbose (packaging),null
 sorghum,null
 SOUR CREAM (CULTURED PASTEURIZED LIGHT CREAM,milk
 SOY,soy
 Soy Flour,soy
 SOY LECITHIN,soy
 SOY PROTEIN CONCENTRATE,soy
 SOY PROTEIN ISOLATE,soy
 SOY SAUCE,soy
 SOY SAUCE SOLIDS (SOYBEANS,soy
 Soy sauces,soy
 soybean,soy
 SOYBEAN AND CORN EXTRACTS,soy
 SOYBEAN AND PALM OIL WITH TBHQ FOR FRESHNESS,soy
 soybean and/or canola oil,soy
 SOYBEAN AND/OR SUNFLOWER OIL,soy
 SOYBEAN OIL,soy
 SOYBEAN OIL WITH TBHQ FOR FRESHNESS,soy
 SOYBEAN OR CANOLA OIL,soy
 SOYBEANS,soy
 SPICE,null
 Spice Extractive,null
 SPICE EXTRACTIVES,null
 SPICES,null
 Spinach,null
 Stannous Chloride,null
 Starch,corn
 SUGAR,null
 Sulfur dioxide,Sulfite
 TAHINI (GROUND SESAME),sesame
 TERIYAKI GLAZE (WATER,soy
 TERIYAKI SAUCE INGREDIENTS: SOY SAUCE (WATER,soy
 TEXTURED SOY FLOUR,soy
 TEXTURED SOY FLOUR (SOY FLOUR,soy
 TEXTURED VEGETABLE PROTEIN (SOY FLOUR,soy
 Textured Vegetable Protein (Soy Flour),soy
 TEXTURED VEGETABLE PROTEIN (SOY PROTEIN CONCENTRATE,soy
 TEXTURED VEGETABLE PROTEIN PRODUCT (SOY FLOUR,soy
 TOASTED SOY PIECES,soy
 TOMATO PASTE,null
 TOMATO POWDER,null
 TOMATO PUREE (WATER,null
 Tomatoes (Tomato Puree,null
 vanilla extract,corn
 VEGETABLE OIL (CANOLA AND/OR SOY),soy
 VEGETABLE OIL (CORN,corn
 VEGETABLE OIL (SOYBEAN,soy
 VEGETABLE PROTEIN PRODUCT (ISOLATED SOY PROTEIN,soy
 Vegetable Seasoning Blend (Potato Extract,soy
 VINEGAR,null
 VINEGAR POWDER,null
 VITAL WHEAT GLUTEN,gluten
 vitamin B12,veganCheck
 Vitamin B12 (cyanocobalamin),veganCheck
 vitamin D,veganCheck
 Vitamin D2 (ergocalciferol),null
 VITAMIN D3,veganCheck
 Vitamin D3 (cholecalciferol),veganCheck
 WATER,null
 Waxy Maize Starch,corn
 WHEAT,gluten
 wheat berries,gluten
 WHEAT CORN,corn
 WHEAT FLOUR,gluten
 Wheat Gluten,gluten
 WHEAT STARCH,gluten
 WHEY,milk
 WHEY CREAM,milk
 WHEY PROTEIN,milk
 WHEY PROTEIN CONCENTRATE,milk
 WHITE CHEDDAR CHEESE (PASTEURIZED MILK,milk
 white pepper,null
 WHITE VINEGAR,null
 whole grain oat flour,null
 WHOLE GRAIN OATS,null
 WHOLE WHEAT,gluten
 whole wheat flour,gluten
 XANTHAN GUM,corn
 XANTHUM GUM,corn
 YELLOW CORN FLOUR,corn
1% milk,milk
2% milk,milk
acid whey,milk
acidophilus milk,milk
Alanine,veganCheck
Albumen,eggs
Albumin,eggs
Aldioxa,veganCheck
Aliphatic Alcohol,veganCheck
all purpose flour,gluten
Allantoin,veganCheck
Allantoin,veganCheck
almond paste,nuts
alpha tocopherol acetate (vitamin E),null
Ambergris,veganCheck
Amerchol L101,veganCheck
Amino Acids,veganCheck
ammonium caseinate,milk
Angus Beef,beef
anhydrous milk fat,milk
Apples,null
Arachic oil,peanuts
Arachis,peanuts
Arachis hypogaea,peanuts
artificial butter,milk
artificial butter flavor,milk
Artificial nuts,peanuts
Asafoetida,null
atta Flour,gluten
BAKING SODA,null
barnacle,shellfish
Bean curd,soy
Beechnut,nuts
BEEF,beef
BEEF,beef
BEEF CHUCK TENDER,beef
BEEF CONTAINS UP TO 15% SOLUTION OF WATER,beef
BEEF LIVER,beef
Beer nuts,peanuts
Bengal Gram,null
Benne,sesame
benne seed,sesame
benniseed,sesame
BHT (preservative),null
BHT to Preserve Freshness,null
Black Gram,null
Blackberries,null
Blackberry Flavour,null
Blueberries,null
Boiled peanut,peanuts
Brazil nut,nuts
bread crumbs,gluten
bread flour,gluten
bromated flour,gluten
brown sugar,null
Bulgur,gluten
Bush nut,nuts
butter extract,milk
butter fat,milk
butter flavored oil,milk
butter solids,milk
buttermilk,milk
buttermilk blend,milk
buttermilk solids,milk
Butternut,nuts
cake flour,gluten
CALCIUM,null
calcium carbonate,null
calcium caseinate,milk
Calcium hydrogen sulfite (preservative),Sulfite
Calcium hydrogen sulphite,sulphite
Calcium sulfite,Sulfite
Calcium sulphite,sulphite
Capryl Betaine,veganCheck
Caprylamine Oxide,veganCheck
Caprylic Triglyceride,veganCheck
CARAMEL COLORAND MALTODEXTRIN,corn
carmine,Insects
casein hydrolysate,milk
Cashew,nuts
CASHEWS,nuts
Cassia,null
Caustic sulphite caramel,sulphite
Cereal extract,gluten
CERTIFIED ANGUS BEEF,beef
Cherries,null
Chestnut,nuts
Chicken (mechanically separated),chicken
CHICKEN BREAST,chicken
Chicken Breast Fillets containing up to 10% of a solution of Water,chicken
Chicken Breast Fillets containing up to 15% of a solution of Water,chicken
CHICKEN BREAST MEAT,chicken
Chicken Breast with Rib Meat,chicken
Chilli,null
Cholesterol free egg substitute,eggs
club,gluten
COCOA,null
Cocoa (processed with allt kali),null
Cold pressed peanut oil ,peanuts
common Flour,gluten
Common Salt,null
CONCENTRATED BEEF STOCK,beef
condensed milk,milk
Contains 2% or less of whey,milk
CONTAINS UP TO 10% WATER,null
CONTAINS UP TO 20 PERCENT SOLUTION OF WATER,null
Cooked Pasta (Water,gluten
Coriander,null
CORN,corn
Corn Flour,corn
CORN SYRUP,corn
Couscous,gluten
crab,shellfish
Cracker meal,gluten
CRACKER: ENRICHED FLOUR (WHEAT FLOUR,gluten
crawfish,shellfish
crayfish,shellfish
Crushed nuts,peanuts
Crushed peanuts ,peanuts
cultured milk,milk
Cumin,null
cured whey,milk
Curry Leaf,null
Custard,milk
D2,null
D3,fish
dairy butter,milk
Degermed Corn Meal,corn
DEGERMINATED YELLOW CORN FLOUR,corn
Degerminated yellow corn meal,corn
delactosed whey,milk
demineralized whey,milk
dried egg,eggs
Dried egg solids,eggs
dried milk,milk
DRIED POTATOES,null
dry milk solids (DMS),milk
Dry roasted peanuts,peanuts
durum Flour,gluten
E150b,Sulfite
E150b,sulphite
E150d,Sulfite
E150d,sulphite
E220,Sulfite
E220,sulphite
E221,Sulfite
E221,sulphite
E222,Sulfite
E222,sulphite
E223,Sulfite
E223,sulphite
E224,Sulfite
E224,sulphite
E225,Sulfite
E226,Sulfite
E226,sulphite
E227,Sulfite
E227,sulphite
E228,Sulfite
E228,sulphite
E414,null
Earth nuts,peanuts
Edamame,soy
Egg,eggs
Egg wash,eggs
egg white,eggs
egg yolk,eggs
Eggnog,eggs
Einkorn,gluten
einkorn Flour,gluten
Elderberries,null
Emmer,gluten
emmer Flour,gluten
ENHANCED WITH UP TO A 12% SOLUTION OF WATER,null
ENHANCED WITH UP TO A 12% SOLUTION OF: WATER,null
enriched  flour,gluten
Enriched flour (wheat flour,gluten
enrichment,null
evaporated milk,milk
expelled peanut oil ,peanuts
extruded peanut oil ,peanuts
Farina,gluten
farina Flour,gluten
farro,gluten
Fat substitutes,eggs
fat‐free milk,milk
Fenugreek,null
Filbert,nuts
fish flavoring,fish
fish flour,fish
fish fume,fish
fish oil,shellfish
FLATBREAD CRISPS: WHEAT FLOUR,gluten
folic acid,null
Fu,gluten
fully cream milk powder,milk
Galactose,milk
gelatin,fish
Ghee,milk
gianduja,nuts
Gingelly,sesame
gingelly oil,sesame
ginkgo nut,nuts
Ginko nut,nuts
Globulin,eggs
goat’s milk,milk
goat’s milk,milk
Gomasio,sesame
Goober peas,peanuts
Goobers,peanuts
graham Flour,gluten
GROUND BEEF,beef
GROUND BEEF (NOT MORE THAN 20% FAT),beef
Ground nuts,peanuts
Ground peanuts ,peanuts
GROUND PORK,pork
Half & Half,milk
Halvah,sesame
Hazelnut,nuts
Hibiscus Flowers,null
Hickory nut,nuts
HIGH FRUCTOSE CORN SYRUP,corn
high gluten flour,gluten
high protein flour,gluten
Hominy,corn
hydrolysate,milk
hydrolyzed casein,milk
Hydrolyzed peanut protein,peanuts
Hydrolyzed soy protein,soy
hydrolyzed whey,milk
Hypogaeic acid,peanuts
imitation sour cream,milk
instant pastry flour,gluten
iron caseinate,milk
Kamut,gluten
kamut Flour,gluten
khorasan wheat,gluten
Kinnoko flour,soy
krill,shellfish
Kyodofu,soy
Lactaid® milk,milk
Lactalbumin,milk
lactalbumin phosphate,milk
Lactate solids,milk
Lactitol monohydrate,milk
Lactoglobulin,milk
lactose free milk,milk
Lactulose,milk
Lactyc yeast,milk
langouste,shellfish
langoustine,shellfish
Leavening (baking soda and/ or calcium phosphate),null
LEMON JUICE CONCENTRATE,null
lichee,nuts
Lichee nut,nuts
litchi,nuts
Livetin,eggs
lobster,shellfish
low fat milk,milk
lupin bean,lupin
lupin flour,lupin
lupin seed,lupin
lupine,lupin
lychee nut,nuts
Lysozyme,eggs
Macadamia nut,nuts
magnesium caseinate,milk
maida Flour,gluten
Malt,gluten
malt extract,gluten
malted barley extract,gluten
malted milk,milk
MALTODEXTRIN,corn
maltodextrin,corn
Mandelonas,peanuts
marzipan,nuts
Matzo,gluten
Mayonnaise,eggs
Meringue,eggs
meringue powder,eggs
microcrystalline,null
MILK,milk
milk derivative,milk
Milk fat,milk
milk powder,milk
milk protein,milk
milk protein,milk
MILK PROTEIN CONCENTRATE,milk
milk solid pastes,milk
milk solids,milk
Miso,soy
Mixed nuts,peanuts
Modified Whey,milk
molasses,null
Monkey nuts,peanuts
Moreton bay bugs,shellfish
Nangai nut,nuts
Natto,soy
natural butter,milk
natural butter flavor,milk
Natural Chicken Juices,chicken
natural flavor,null
natural nut extract,nuts
niacinamide (vitamin B3),null
Nisin preparation,milk
nonfat dry milk,milk
Nonfat Milk,milk
nonfat milk,milk
nonfat milk solids,milk
Noodles,gluten
Nougat,milk
Nu nuts flavored nuts,peanuts
nut meal,nuts
nut meat,nuts
nut paste,nuts
Nut pieces,peanuts
nut pieces,nuts
Nutmeat,peanuts
Okara,soy
Orange Ingredients: Water,null
Orange Peels,null
Ovalbumin,eggs
Ovoglobulin,eggs
Ovomucin,eggs
Ovomucoid,eggs
Ovotransferrin,eggs
Ovovitelia ,eggs
Ovovitellin,eggs
pasta,gluten
pasteurized milk,milk
PEANUT BUTTER,peanuts
peanut butter chips,peanuts
peanut butter morsels,peanuts
Peanut flour,peanuts
Peanut paste,peanuts
peanut syru,peanuts
PEANUTS,peanuts
Peanuts,peanuts
Peanuts sauce,peanuts
Pecan,nuts
Peppermint,null
pesto,nuts
phosphated flour,gluten
Pigeon Pea (Toovar Dal/Ahvar Dal),null
pili nut,nuts
Pine nut,nuts
Pistachio,nuts
PITA CRACKERS: WHEAT FLOUR,gluten
plain flour,gluten
Polenta,corn
PORK,pork
PORK LIVER,pork
Pork Loin,pork
potassium caseinate,milk
Potassium hydrogen sulfite,Sulfite
Potassium hydrogen sulphite,sulphite
Potassium metabisulfite,Sulfite
Potassium metabisulphite,sulphite
Potassium sulfite,Sulfite
Powdered eggs ,eggs
powdered milk,milk
powdered whey,milk
praline,nuts
prawns,shellfish
protein hydrolysate,milk
Pudding,milk
pyridoxine hydrochloride (vitamin B6),null
Quark,milk
Raspberries,null
Raspberry Flavour,null
Recaldent,milk
reduced iron,null
reduced mineral whey,milk
rennet casein,milk
riboflavin (vitamin B2),null
Rice,null
RICE FLOUR,null
ROASTED ALMONDS,nuts
ROASTED BEEF AND CONCENTRATED BEEF STOCK,beef
Rosehip,null
SALT,null
salt,null
SAUCE (WATER,null
scampi,shellfish
SEA SALT,null
Seitan,gluten
self-rising flour,gluten
Semolina,gluten
semolina Flour,gluten
Sesame flour,sesame
Sesame oil,sesame
Sesame paste,sesame
Sesame salt,sesame
Sesame seed,sesame
Sesamol,sesame
Sesamum indicum,sesame
Shea nut,nuts
sheep’s milk,milk
Shellac,Insects
Shoyu sauce,soy
shrimp crevette,shellfish
shrimp scampi,shellfish
Silici albuminate,eggs
Sim sim,sesame
Simplesse,eggs
Simplesse,milk
skim milk,milk
skim milk powder,milk
sodium ascorbate,null
sodium bicarbonate,null
Sodium bisulfite (sodium hydrogen sulfite),Sulfite
sodium caseinate,milk
Sodium hydrogen sulphite,sulphite
Sodium metabisulfite,Sulfite
Sodium metabisulphite,sulphite
Sodium sulfite,Sulfite
Sodium sulphite,sulphite
soft wheat flour,gluten
Sour cream,milk
sour cream solids,milk
sour milk,milk
sour milk solids,milk
Soy albumin,soy
Soy bran,soy
Soy concentrate,soy
Soy fiber,soy
Soy flour,soy
Soy formula,soy
Soy grits,soy
Soy lecithin,soy
Soy milk,soy
Soy miso,soy
Soy nut butter,soy
Soy nuts,soy
Soy protein,soy
soy protein concentrate,soy
Soy protein isolat,soy
SOY PROTEIN ISOLATE,soy
Soy sauce,soy
Soy sprouts,soy
Soya,soy
Soya Flour,soy
Soybean curd,soy
Soybean flour,soy
Soybean granules,soy
SOYBEAN OIL,soy
Soybean paste,soy
Soybeans,soy
Spanish peanuts,peanuts
spelt Flour,gluten
spelt Flour,gluten
sprouted wheat,gluten
steel ground flour,gluten
stone ground flour,gluten
Strawberries,null
Strawberry Ingredients: Water,null
SUGAR,null
sugar,null
Sulfite ammonia caramel,Sulfite
Sulfur dioxide,Sulfite
Sulphite ammonia caramel,sulphite
Sulphur dioxide,sulphite
Supro,soy
Surimi,eggs
sweet cream buttermilk powder,milk
sweetened condensed milk,milk
sweetened condensed skim milk,milk
sweetened condensed skim milk,milk
Tabbouleh,gluten
Tahina,sesame
Tahini,sesame
Tamales,corn
Tamari,soy
Tamarind,null
Tehina,sesame
Tempeh,soy
Teriyaki sauce,soy
Textured soy flour (TSF),soy
Textured soy protein (TSP),soy
Textured vegetable protein (TVP),soy
thiamin mononitrate (vitamin B1),null
Til,sesame
Titanium Dioxide (color),null
Tofu,soy
tomalley,shellfish
Trailblazer,eggs
Triticale,gluten
triticale Flour,gluten
Triticum,gluten
triticum Flour,gluten
Turmeric,null
Unbleached Enriched Flour (wheat flour, niacin, re-duced iron, thiamin mononitrate (Vitamin : B1), riboflavin (Vitamin B2), folic acid),gluten
unbleached flour,gluten
Virginia peanuts,peanuts
vital gluten,gluten
vital wheat gluten,gluten
vitamin A palmitate,veganCheck
Vitellin,eggs
Walnut,nuts
WATER,null
wheat bran,gluten
WHEAT FLOUR,gluten
wheat flour Bread,gluten
wheat germ,gluten
wheat germ oil,gluten
wheat gluten,gluten
WHEAT PROTEIN,gluten
wheat protein isolate,gluten
wheat sprouts,gluten
wheat starch,gluten
Wheatgrass,gluten
whey,milk
whey hydrolysate,milk
whey powder,milk
whey protein,milk
whey protein concentrate,milk
whey protein hydrolysate,milk
whey solids,milk
whipped butter,milk
white flour,gluten
white flour Bread,gluten
Whole egg,eggs
Whole grain oats,null
WHOLE GRAIN ROLLED OATS,null
whole milk,milk
whole wheat bread,gluten
Whole Wheat Flour,gluten
whole wheat flour,gluten
whole wheat flour,gluten
Yakidofu,soy
yellow 5,null
yellow 6,null
Yogurt,milk
yogurt powder,milk
Yuba,soy
Zea mays,corn
Zein,corn
zinc caseinate,milk
zinc oxide,null
